{
  "id": "1541519",
  "name": "new",
  "font_family": "iconfont",
  "css_prefix_text": "icon-",
  "description": "",
  "glyphs": [
    {
      "icon_id": "714438",
      "name": "搜索",
      "font_class": "sousuo",
      "unicode": "e613",
      "unicode_decimal": 58899
    },
    {
      "icon_id": "2849255",
      "name": "分享",
      "font_class": "fenxiang",
      "unicode": "e642",
      "unicode_decimal": 58946
    },
    {
      "icon_id": "6501286",
      "name": "返回",
      "font_class": "icon--fanhui",
      "unicode": "e61f",
      "unicode_decimal": 58911
    },
    {
      "icon_id": "10614383",
      "name": "拍照",
      "font_class": "paizhao",
      "unicode": "e662",
      "unicode_decimal": 58978
    }
  ]
}
